Name,ID,Z_RGES,Z_Up,Z_Down,SMILES,Sim_Niclosamide,HepG2,HepG2_pIC50,Huh7,Huh7_pIC50
Niclosamide,ZINC000003874496,-6.21694,-4.02612,2.19082,O=C(Nc1ccc([N+](=O)[O-])cc1Cl)c1cc(Cl)ccc1O,1,0.85,6.070581074,0.74,6.13076828
Ikk2-inhibitor-V,ZINC000003986227,-6.047371475,-4.064460069,1.982911405,O=C(Nc1cc(C(F)(F)F)cc(C(F)(F)F)c1)c1cc(Cl)ccc1O,,0.74,6.13076828,0.85,6.070581074
R358223,ZINC000004183005,0.281645582,-1.418024042,-1.699669624,COc1ccc(Cl)cc1C(=O)Nc1ccc([N+](=O)[O-])cc1Cl,0.763157895,Inactive,4,Inactive,4
L263001,ZINC000004517703,-2.592415921,-2.071849331,0.520566589,O=C(Nc1ccc([N+](=O)[O-])cc1Cl)c1cc(Br)cc(Cc2ccccc2)c1O,,1.86,5.730487056,1.14,5.943095149
S791075,ZINC000004764839,-2.760752475,-1.790054533,0.970697942,O=C(Nc1ccc([N+](=O)[O-])cc1Cl)c1ccc(Cl)cc1Cl,0.777777778,24.6,4.609064893,8.34,5.078833949
S629383,ZINC000004774863,-2.44625998,-1.813732011,0.632527969,O=C(Nc1ccc([N+](=O)[O-])cc1Cl)c1ccc2ccccc2c1O,0.725,9.45,5.024568191,3.65,5.437707136
L255998,ZINC000005527213,-0.41442924,-2.193044735,-1.778615495,COc1ccc(Cl)cc1C(=O)Nc1ccc([N+](=O)[O-])cc1,0.692307692,17.8,4.749579998,44.2,4.354577731
HJC0152,ZINC000095580747,-2.919473901,-2.286945932,0.632527969,NCCOc1ccc(Cl)cc1C(=O)Nc1ccc([N+](=O)[O-])cc1Cl,0.714285714,14.8,4.829738285,19.6,4.707743929